CustomerID,InvoiceDate,InvoiceNo,Amount
C135,2025-01-27 20:13:39.361657,0,20.47
C163,2023-10-28 20:13:39.361687,1,78.07
C183,2024-08-27 20:13:39.361693,2,206.31
C014,2024-11-08 20:13:39.361697,3,131.76
C120,2025-03-22 20:13:39.361701,4,164.28
C138,2025-03-22 20:13:39.361704,5,107.52
C080,2025-04-11 20:13:39.361708,6,117.86
C144,2024-04-24 20:13:39.361711,7,189.18
C182,2024-11-07 20:13:39.361714,8,28.72
C106,2024-09-12 20:13:39.361718,9,67.22
C070,2025-04-18 20:13:39.361721,10,25.0
C044,2023-07-31 20:13:39.361724,11,439.56
C073,2024-06-04 20:13:39.361728,12,288.35
C045,2025-03-10 20:13:39.361731,13,4.02
C184,2025-03-16 20:13:39.361734,14,122.27
C107,2025-03-16 20:13:39.361737,15,259.36
C084,2025-02-15 20:13:39.361741,16,19.92
C082,2024-12-09 20:13:39.361744,17,83.92
C107,2025-01-10 20:13:39.361748,18,247.09
C185,2025-02-19 20:13:39.361751,19,3.45
C021,2024-11-02 20:13:39.361754,20,119.54
C196,2025-03-25 20:13:39.361757,21,35.29
C178,2025-02-18 20:13:39.361759,22,258.22
C161,2025-01-29 20:13:39.361762,23,354.25
C007,2025-01-02 20:13:39.361766,24,288.72
C070,2024-07-19 20:13:39.361769,25,64.29
C127,2025-03-12 20:13:39.361773,26,198.08
C143,2024-12-13 20:13:39.361776,27,186.14
C160,2024-11-11 20:13:39.361799,28,38.43
C148,2025-04-13 20:13:39.361804,29,176.56
C143,2024-11-04 20:13:39.361807,30,3.77
C176,2025-03-19 20:13:39.361811,31,90.7
C199,2025-04-09 20:13:39.361814,32,26.14
C149,2023-11-03 20:13:39.361818,33,12.85
C170,2023-08-24 20:13:39.361822,34,8.01
C154,2024-06-28 20:13:39.361825,35,119.17
C120,2025-02-15 20:13:39.361829,36,41.53
C128,2025-04-03 20:13:39.361833,37,129.01
C142,2024-09-26 20:13:39.361836,38,6.76
C057,2025-01-07 20:13:39.361840,39,37.88
C165,2025-03-29 20:13:39.361843,40,77.54
C058,2024-12-19 20:13:39.361848,41,156.41
C021,2025-04-15 20:13:39.361851,42,38.38
C082,2024-02-14 20:13:39.361855,43,98.32
C069,2025-02-27 20:13:39.361859,44,217.14
C131,2024-10-08 20:13:39.361863,45,95.68
C087,2025-02-13 20:13:39.361868,46,26.52
C165,2024-12-10 20:13:39.361873,47,2.47
C049,2024-11-30 20:13:39.361877,48,204.1
C147,2025-03-16 20:13:39.361881,49,2.15
C115,2023-08-02 20:13:39.361884,50,207.71
C089,2024-07-27 20:13:39.361888,51,75.28
C085,2023-12-04 20:13:39.361893,52,279.8
C128,2024-03-12 20:13:39.361897,53,160.34
C140,2024-11-09 20:13:39.361901,54,618.22
C189,2024-01-19 20:13:39.361905,55,43.19
C169,2025-04-05 20:13:39.361908,56,145.75
C161,2025-03-13 20:13:39.361912,57,51.4
C178,2025-04-13 20:13:39.361916,58,65.37
C117,2025-02-10 20:13:39.361919,59,98.75
C196,2025-01-23 20:13:39.361924,60,206.89
C127,2025-02-24 20:13:39.361927,61,414.04
C071,2024-06-08 20:13:39.361930,62,146.22
C086,2025-02-01 20:13:39.361933,63,54.09
C033,2025-02-21 20:13:39.361938,64,54.71
C081,2024-12-02 20:13:39.361943,65,133.78
C152,2025-03-25 20:13:39.361947,66,27.28
C061,2024-07-04 20:13:39.361950,67,11.71
C061,2025-04-08 20:13:39.361954,68,43.79
C098,2023-03-03 20:13:39.361957,69,33.86
C028,2024-07-29 20:13:39.361961,70,35.14
C186,2025-03-13 20:13:39.361965,71,26.61
C043,2025-04-21 20:13:39.361968,72,4.3
C169,2024-06-21 20:13:39.361974,73,1.8
C167,2024-09-13 20:13:39.361978,74,440.0
C086,2024-08-29 20:13:39.361981,75,55.82
C177,2024-07-30 20:13:39.361985,76,48.5
C017,2025-04-08 20:13:39.361995,77,113.83
C098,2025-02-01 20:13:39.362001,78,24.62
C198,2025-03-30 20:13:39.362005,79,299.5
C198,2024-04-29 20:13:39.362010,80,154.34
C098,2024-10-28 20:13:39.362016,81,9.37
C065,2025-02-08 20:13:39.362020,82,54.06
C074,2025-04-10 20:13:39.362025,83,211.29
C085,2025-02-13 20:13:39.362029,84,289.56
C005,2025-02-10 20:13:39.362033,85,63.0
C002,2024-08-29 20:13:39.362037,86,95.04
C022,2024-10-21 20:13:39.362041,87,18.28
C112,2024-03-25 20:13:39.362044,88,472.94
C057,2024-12-27 20:13:39.362048,89,26.35
C066,2025-03-30 20:13:39.362052,90,286.0
C074,2024-09-09 20:13:39.362056,91,104.88
C098,2024-08-07 20:13:39.362060,92,93.58
C144,2024-11-24 20:13:39.362066,93,71.89
C112,2024-07-30 20:13:39.362070,94,26.22
C179,2024-12-20 20:13:39.362073,95,19.42
C125,2024-12-09 20:13:39.362077,96,24.91
C167,2025-01-11 20:13:39.362080,97,20.63
C086,2025-04-17 20:13:39.362084,98,151.22
C076,2025-04-01 20:13:39.362087,99,43.1
C088,2025-04-16 20:13:39.362092,100,5.96
C168,2024-10-21 20:13:39.362096,101,347.71
C038,2025-02-13 20:13:39.362101,102,215.23
C188,2024-12-15 20:13:39.362106,103,262.77
C059,2024-02-18 20:13:39.362110,104,528.0
C138,2025-03-01 20:13:39.362115,105,19.1
C099,2025-01-16 20:13:39.362118,106,50.46
C192,2024-08-11 20:13:39.362122,107,141.98
C063,2025-03-06 20:13:39.362126,108,119.08
C049,2025-04-07 20:13:39.362133,109,16.71
C192,2025-02-19 20:13:39.362138,110,169.19
C032,2025-03-21 20:13:39.362141,111,25.42
C135,2023-12-31 20:13:39.362144,112,25.34
C021,2024-06-28 20:13:39.362149,113,77.0
C020,2024-10-23 20:13:39.362154,114,89.88
C154,2024-04-17 20:13:39.362158,115,86.77
C127,2024-07-02 20:13:39.362182,116,9.59
C068,2025-03-15 20:13:39.362190,117,209.93
C110,2024-03-16 20:13:39.362194,118,30.87
C116,2024-12-03 20:13:39.362198,119,13.87
C143,2024-06-29 20:13:39.362202,120,219.6
C120,2024-03-10 20:13:39.362207,121,311.57
C079,2025-02-12 20:13:39.362210,122,198.14
C116,2025-04-01 20:13:39.362213,123,165.82
C092,2025-03-06 20:13:39.362217,124,106.49
C014,2025-01-11 20:13:39.362221,125,80.04
C155,2024-06-19 20:13:39.362225,126,9.1
C125,2024-05-02 20:13:39.362228,127,52.5
C168,2025-04-20 20:13:39.362231,128,46.63
C058,2024-12-14 20:13:39.362237,129,30.08
C028,2025-01-14 20:13:39.362241,130,128.53
C026,2025-03-07 20:13:39.362245,131,68.49
C113,2025-03-30 20:13:39.362248,132,8.45
C191,2025-02-06 20:13:39.362252,133,24.87
C066,2023-11-23 20:13:39.362256,134,114.97
C153,2025-02-10 20:13:39.362259,135,7.92
C131,2024-12-11 20:13:39.362262,136,190.52
C200,2024-09-15 20:13:39.362266,137,68.35
C044,2025-01-30 20:13:39.362269,138,65.51
C097,2023-07-19 20:13:39.362274,139,89.75
C042,2023-09-09 20:13:39.362277,140,174.11
C006,2025-02-28 20:13:39.362282,141,42.74
C167,2024-12-19 20:13:39.362301,142,113.33
C180,2025-02-16 20:13:39.362306,143,83.41
C023,2025-02-20 20:13:39.362309,144,31.06
C089,2025-04-15 20:13:39.362312,145,210.89
C123,2024-11-03 20:13:39.362315,146,159.67
C178,2024-12-17 20:13:39.362319,147,107.43
C171,2025-04-12 20:13:39.362322,148,190.1
C147,2025-02-22 20:13:39.362327,149,201.96
C197,2024-02-17 20:13:39.362331,150,123.22
C051,2025-03-03 20:13:39.362335,151,181.41
C011,2025-03-24 20:13:39.362339,152,119.56
C012,2024-12-21 20:13:39.362342,153,113.99
C074,2023-03-20 20:13:39.362345,154,96.39
C008,2025-03-03 20:13:39.362349,155,139.72
C152,2024-10-03 20:13:39.362351,156,17.27
C041,2024-08-06 20:13:39.362355,157,212.75
C164,2025-03-04 20:13:39.362359,158,205.45
C085,2024-08-30 20:13:39.362362,159,2.97
C072,2025-01-29 20:13:39.362366,160,174.76
C055,2024-10-23 20:13:39.362370,161,13.8
C137,2024-10-23 20:13:39.362375,162,40.81
C047,2024-12-04 20:13:39.362378,163,136.07
C143,2025-04-04 20:13:39.362381,164,17.53
C176,2024-06-01 20:13:39.362385,165,170.36
C104,2025-02-11 20:13:39.362403,166,178.46
C042,2025-03-15 20:13:39.362409,167,70.82
C060,2025-04-14 20:13:39.362413,168,0.64
C198,2024-11-12 20:13:39.362416,169,33.83
C012,2024-09-30 20:13:39.362419,170,95.95
C130,2025-04-18 20:13:39.362422,171,397.32
C007,2024-12-13 20:13:39.362426,172,99.92
C080,2025-03-06 20:13:39.362431,173,30.08
C131,2024-10-17 20:13:39.362434,174,100.51
C109,2025-03-18 20:13:39.362437,175,77.65
C003,2024-09-22 20:13:39.362441,176,151.34
C027,2025-01-23 20:13:39.362445,177,11.31
C114,2023-12-12 20:13:39.362449,178,143.14
C107,2025-03-26 20:13:39.362453,179,77.93
C040,2025-02-05 20:13:39.362457,180,329.66
C161,2025-03-31 20:13:39.362462,181,41.84
C129,2024-01-12 20:13:39.362467,182,100.14
C008,2024-04-09 20:13:39.362471,183,268.87
C101,2025-02-27 20:13:39.362474,184,10.82
C160,2024-10-09 20:13:39.362477,185,276.83
C124,2024-06-20 20:13:39.362480,186,116.44
C176,2024-11-27 20:13:39.362484,187,7.02
C107,2024-12-07 20:13:39.362487,188,35.81
C101,2025-03-03 20:13:39.362490,189,123.16
C004,2025-04-04 20:13:39.362494,190,6.97
C198,2024-03-08 20:13:39.362497,191,87.27
C110,2024-03-02 20:13:39.362499,192,42.45
C019,2024-10-23 20:13:39.362504,193,97.0
C032,2025-02-06 20:13:39.362508,194,4.68
C137,2025-02-03 20:13:39.362512,195,205.21
C012,2024-08-31 20:13:39.362515,196,363.02
C139,2024-03-08 20:13:39.362519,197,346.98
C046,2024-03-25 20:13:39.362522,198,138.49
C119,2024-07-23 20:13:39.362525,199,13.94
C016,2024-10-19 20:13:39.362528,200,141.99
C129,2025-04-06 20:13:39.362533,201,2.49
C063,2025-03-21 20:13:39.362537,202,2.24
C109,2024-03-06 20:13:39.362540,203,39.1
C119,2024-11-05 20:13:39.362544,204,67.07
C021,2025-04-20 20:13:39.362547,205,147.14
C158,2025-04-02 20:13:39.362550,206,114.98
C013,2024-10-07 20:13:39.362554,207,59.04
C162,2025-04-21 20:13:39.362578,208,31.97
C004,2025-03-21 20:13:39.362601,209,585.15
C156,2024-11-29 20:13:39.362604,210,55.54
C102,2024-09-22 20:13:39.362609,211,60.04
C059,2024-10-14 20:13:39.362614,212,17.87
C128,2025-03-07 20:13:39.362619,213,158.38
C027,2024-09-09 20:13:39.362622,214,118.31
C069,2025-03-04 20:13:39.362626,215,24.94
C025,2025-02-10 20:13:39.362630,216,8.6
C131,2024-08-17 20:13:39.362634,217,114.1
C097,2024-10-15 20:13:39.362638,218,106.28
C196,2024-05-16 20:13:39.362642,219,31.92
C025,2024-10-11 20:13:39.362645,220,301.32
C148,2024-11-21 20:13:39.362649,221,16.38
C162,2025-04-04 20:13:39.362653,222,56.62
C154,2025-01-29 20:13:39.362657,223,287.56
C126,2025-02-25 20:13:39.362660,224,54.43
C133,2025-03-02 20:13:39.362665,225,101.76
C189,2023-07-11 20:13:39.362669,226,50.68
C009,2025-01-22 20:13:39.362672,227,32.05
C116,2024-03-17 20:13:39.362676,228,413.38
C178,2024-10-24 20:13:39.362679,229,52.65
C134,2024-07-10 20:13:39.362683,230,224.53
C060,2024-12-17 20:13:39.362686,231,26.13
C172,2024-11-18 20:13:39.362691,232,23.97
C121,2024-12-20 20:13:39.362699,233,3.16
C139,2025-03-13 20:13:39.362705,234,105.46
C194,2024-09-03 20:13:39.362710,235,45.97
C175,2025-02-21 20:13:39.362714,236,199.77
C108,2025-04-17 20:13:39.362718,237,64.1
C108,2024-10-17 20:13:39.362722,238,344.81
C131,2025-03-17 20:13:39.362725,239,20.52
C076,2023-12-01 20:13:39.362728,240,202.97
C030,2023-10-16 20:13:39.362732,241,149.88
C021,2024-02-03 20:13:39.362735,242,147.37
C156,2025-01-28 20:13:39.362739,243,186.29
C190,2025-04-19 20:13:39.362742,244,143.14
C161,2024-01-03 20:13:39.362746,245,98.41
C163,2025-01-11 20:13:39.362749,246,14.07
C180,2023-08-18 20:13:39.362754,247,3.31
C034,2023-09-03 20:13:39.362759,248,253.64
C041,2024-05-11 20:13:39.362763,249,95.88
C051,2025-02-18 20:13:39.362766,250,159.23
C175,2025-01-24 20:13:39.362769,251,65.69
C082,2024-05-14 20:13:39.362773,252,12.48
C058,2025-02-12 20:13:39.362777,253,13.37
C075,2025-03-19 20:13:39.362782,254,115.7
C185,2024-11-26 20:13:39.362786,255,56.27
C023,2023-12-13 20:13:39.362790,256,22.38
C176,2024-09-19 20:13:39.362793,257,67.65
C128,2024-11-21 20:13:39.362797,258,6.64
C150,2025-04-03 20:13:39.362801,259,87.22
C017,2024-11-01 20:13:39.362803,260,31.33
C069,2023-01-13 20:13:39.362808,261,159.73
C108,2025-03-25 20:13:39.362813,262,37.16
C139,2024-12-11 20:13:39.362817,263,60.74
C094,2024-04-09 20:13:39.362820,264,1.17
C015,2024-08-21 20:13:39.362824,265,7.52
C091,2024-09-19 20:13:39.362827,266,49.84
C163,2024-09-15 20:13:39.362830,267,65.38
C033,2025-01-31 20:13:39.362833,268,91.63
C125,2025-02-18 20:13:39.362840,269,34.48
C016,2024-06-27 20:13:39.362844,270,118.74
C162,2024-06-26 20:13:39.362846,271,196.7
C066,2024-04-23 20:13:39.362849,272,151.35
C168,2024-02-06 20:13:39.362853,273,4.04
C156,2024-12-14 20:13:39.362857,274,65.49
C047,2024-12-17 20:13:39.362861,275,11.09
C167,2024-07-07 20:13:39.362866,276,27.71
C198,2024-10-15 20:13:39.362870,277,431.72
C148,2024-09-16 20:13:39.362873,278,15.37
C124,2024-07-10 20:13:39.362877,279,69.09
C001,2024-03-20 20:13:39.362880,280,96.27
C200,2025-02-06 20:13:39.362884,281,121.22
C087,2025-01-27 20:13:39.362890,282,82.02
C128,2025-04-04 20:13:39.362893,283,0.98
C191,2024-11-17 20:13:39.362896,284,39.52
C067,2025-04-15 20:13:39.362900,285,72.92
C004,2024-12-30 20:13:39.362904,286,9.2
C186,2024-12-02 20:13:39.362906,287,43.17
C153,2025-02-20 20:13:39.362909,288,3.38
C047,2024-11-12 20:13:39.362912,289,8.18
C038,2025-04-16 20:13:39.362915,290,50.57
C143,2025-04-15 20:13:39.362919,291,14.24
C191,2024-06-14 20:13:39.362922,292,83.83
C021,2025-01-31 20:13:39.362926,293,116.95
C057,2025-03-28 20:13:39.362929,294,161.24
C117,2024-12-10 20:13:39.362933,295,22.33
C181,2024-07-31 20:13:39.362960,296,18.33
C046,2025-03-09 20:13:39.362965,297,11.04
C142,2024-10-28 20:13:39.362968,298,101.18
C145,2025-04-05 20:13:39.362972,299,122.58
C039,2025-04-12 20:13:39.362976,300,3.21
C137,2024-12-06 20:13:39.362979,301,275.22
C099,2024-12-02 20:13:39.362983,302,5.34
C077,2024-10-21 20:13:39.362986,303,77.94
C115,2024-08-31 20:13:39.362989,304,123.46
C134,2023-06-21 20:13:39.362993,305,204.77
C151,2024-12-12 20:13:39.362997,306,125.21
C187,2025-02-10 20:13:39.362999,307,161.81
C091,2024-07-10 20:13:39.363004,308,41.47
C098,2025-02-24 20:13:39.363014,309,168.65
C120,2025-01-07 20:13:39.363019,310,8.35
C046,2025-04-07 20:13:39.363022,311,225.21
C038,2025-04-17 20:13:39.363026,312,79.32
C142,2023-09-08 20:13:39.363030,313,169.99
C100,2024-05-31 20:13:39.363034,314,60.21
C072,2024-09-19 20:13:39.363037,315,103.16
C190,2025-01-17 20:13:39.363041,316,74.74
C035,2025-03-18 20:13:39.363045,317,131.52
C147,2025-03-22 20:13:39.363050,318,8.52
C030,2025-03-01 20:13:39.363055,319,6.23
C078,2024-11-29 20:13:39.363057,320,28.38
C084,2024-09-08 20:13:39.363060,321,17.38
C113,2024-10-09 20:13:39.363062,322,205.4
C025,2025-02-21 20:13:39.363064,323,24.75
C168,2023-10-12 20:13:39.363066,324,372.41
C088,2024-08-23 20:13:39.363070,325,41.08
C014,2024-11-27 20:13:39.363072,326,20.1
C154,2024-11-02 20:13:39.363074,327,155.92
C102,2025-01-14 20:13:39.363077,328,107.5
C150,2025-03-01 20:13:39.363079,329,68.95
C176,2025-02-01 20:13:39.363081,330,81.05
C083,2024-08-09 20:13:39.363084,331,127.01
C110,2025-04-19 20:13:39.363086,332,25.94
C179,2025-03-30 20:13:39.363088,333,560.86
C131,2025-04-13 20:13:39.363091,334,368.06
C170,2025-04-14 20:13:39.363093,335,105.08
C019,2024-05-08 20:13:39.363095,336,22.26
C028,2024-09-15 20:13:39.363096,337,114.01
C173,2024-12-27 20:13:39.363099,338,7.49
C071,2025-04-03 20:13:39.363101,339,3.11
C063,2024-12-21 20:13:39.363103,340,29.8
C073,2024-12-27 20:13:39.363105,341,62.11
C124,2025-03-18 20:13:39.363107,342,202.7
C119,2025-01-09 20:13:39.363109,343,129.89
C121,2025-01-20 20:13:39.363111,344,135.75
C019,2024-10-31 20:13:39.363113,345,55.42
C175,2024-10-22 20:13:39.363115,346,42.45
C142,2025-04-13 20:13:39.363117,347,46.37
C120,2025-01-27 20:13:39.363119,348,439.41
C166,2024-10-27 20:13:39.363122,349,4.09
C181,2024-12-17 20:13:39.363124,350,201.76
C061,2024-05-07 20:13:39.363126,351,86.44
C164,2024-10-10 20:13:39.363129,352,57.73
C168,2025-03-20 20:13:39.363133,353,129.19
C030,2025-04-08 20:13:39.363135,354,66.68
C009,2024-10-18 20:13:39.363137,355,206.69
C064,2025-04-17 20:13:39.363139,356,230.96
C161,2024-11-14 20:13:39.363141,357,54.77
C120,2023-12-01 20:13:39.363144,358,32.41
C052,2024-11-18 20:13:39.363146,359,89.73
C089,2025-01-23 20:13:39.363148,360,243.46
C142,2024-10-18 20:13:39.363150,361,23.66
C053,2025-01-01 20:13:39.363151,362,97.54
C187,2024-12-01 20:13:39.363153,363,99.85
C078,2023-11-28 20:13:39.363155,364,132.09
C041,2025-01-24 20:13:39.363157,365,14.11
C196,2023-09-15 20:13:39.363158,366,125.82
C068,2024-02-22 20:13:39.363161,367,239.73
C008,2025-03-13 20:13:39.363163,368,19.81
C002,2025-04-09 20:13:39.363164,369,27.12
C105,2025-04-02 20:13:39.363167,370,355.42
C125,2025-04-18 20:13:39.363168,371,19.96
C110,2025-04-04 20:13:39.363170,372,192.68
C086,2024-09-27 20:13:39.363172,373,67.78
C169,2025-04-08 20:13:39.363174,374,28.4
C120,2025-02-11 20:13:39.363177,375,204.6
C127,2024-05-21 20:13:39.363179,376,58.93
C183,2025-04-17 20:13:39.363181,377,72.32
C016,2024-06-22 20:13:39.363183,378,44.51
C062,2025-02-21 20:13:39.363185,379,89.88
C113,2025-03-30 20:13:39.363187,380,17.86
C176,2024-09-19 20:13:39.363189,381,49.61
C158,2024-10-25 20:13:39.363192,382,348.72
C012,2024-04-09 20:13:39.363194,383,29.86
C035,2024-08-25 20:13:39.363195,384,106.93
C011,2024-07-03 20:13:39.363197,385,39.33
C064,2025-02-21 20:13:39.363199,386,148.49
C050,2025-03-17 20:13:39.363202,387,14.03
C149,2024-08-15 20:13:39.363205,388,350.06
C069,2024-06-30 20:13:39.363207,389,60.48
C048,2023-01-04 20:13:39.363209,390,26.93
C020,2025-01-16 20:13:39.363212,391,7.63
C101,2025-01-28 20:13:39.363214,392,18.6
C195,2024-07-26 20:13:39.363216,393,73.35
C172,2025-02-05 20:13:39.363217,394,41.1
C161,2023-12-28 20:13:39.363219,395,176.54
C189,2024-05-05 20:13:39.363222,396,56.37
C137,2025-01-11 20:13:39.363224,397,28.6
C068,2024-08-14 20:13:39.363226,398,96.01
C035,2024-08-12 20:13:39.363228,399,122.68
C065,2025-04-02 20:13:39.363229,400,18.28
C008,2024-02-27 20:13:39.363233,401,18.35
C045,2024-12-16 20:13:39.363235,402,3.74
C087,2024-06-10 20:13:39.363237,403,133.33
C175,2025-02-11 20:13:39.363240,404,109.01
C168,2024-03-11 20:13:39.363241,405,64.37
C076,2025-01-23 20:13:39.363243,406,185.9
C182,2025-04-20 20:13:39.363245,407,163.82
C076,2024-02-22 20:13:39.363247,408,88.03
C174,2025-04-04 20:13:39.363249,409,202.7
C047,2025-02-11 20:13:39.363251,410,23.05
C015,2023-10-30 20:13:39.363252,411,11.87
C105,2023-10-28 20:13:39.363254,412,31.44
C147,2024-11-19 20:13:39.363256,413,5.88
C026,2024-10-24 20:13:39.363258,414,75.75
C052,2025-01-04 20:13:39.363260,415,275.84
C093,2025-02-18 20:13:39.363261,416,4.01
C150,2025-02-09 20:13:39.363263,417,13.02
C021,2024-10-03 20:13:39.363265,418,60.18
C051,2024-08-13 20:13:39.363267,419,271.62
C038,2024-07-13 20:13:39.363269,420,38.0
C020,2024-07-15 20:13:39.363271,421,70.77
C157,2025-04-04 20:13:39.363273,422,4.25
C179,2024-12-20 20:13:39.363275,423,16.06
C132,2025-04-11 20:13:39.363278,424,431.48
C055,2024-11-29 20:13:39.363279,425,335.58
C199,2025-01-07 20:13:39.363281,426,0.5
C092,2024-03-24 20:13:39.363283,427,303.26
C028,2025-02-03 20:13:39.363286,428,101.92
C004,2025-03-30 20:13:39.363287,429,202.43
C150,2025-03-25 20:13:39.363289,430,60.65
C076,2024-08-06 20:13:39.363291,431,72.48
C173,2024-10-30 20:13:39.363293,432,67.11
C067,2025-04-02 20:13:39.363295,433,109.92
C086,2025-04-06 20:13:39.363297,434,15.04
C194,2024-09-16 20:13:39.363299,435,3.04
C162,2025-04-08 20:13:39.363301,436,36.81
C091,2024-06-15 20:13:39.363302,437,121.97
C183,2024-09-13 20:13:39.363305,438,22.55
C105,2025-04-06 20:13:39.363307,439,111.91
C001,2025-04-06 20:13:39.363309,440,350.36
C072,2023-03-07 20:13:39.363311,441,9.86
C087,2025-01-27 20:13:39.363313,442,111.66
C166,2025-01-28 20:13:39.363315,443,58.65
C006,2024-06-24 20:13:39.363317,444,202.6
C153,2023-11-09 20:13:39.363331,445,19.5
C145,2023-03-15 20:13:39.363333,446,117.97
C061,2024-08-13 20:13:39.363335,447,182.09
C012,2025-01-27 20:13:39.363339,448,289.34
C006,2025-04-06 20:13:39.363343,449,114.96
C027,2024-07-25 20:13:39.363348,450,68.75
C136,2024-11-25 20:13:39.363353,451,96.19
C124,2025-01-12 20:13:39.363359,452,203.18
C106,2024-02-20 20:13:39.363363,453,84.54
C193,2025-03-31 20:13:39.363368,454,3.09
C185,2024-12-20 20:13:39.363373,455,267.29
C093,2025-04-19 20:13:39.363377,456,116.97
C109,2024-12-29 20:13:39.363384,457,112.86
C099,2025-04-11 20:13:39.363389,458,24.29
C168,2025-03-30 20:13:39.363391,459,107.55
C142,2025-03-30 20:13:39.363393,460,50.07
C035,2024-10-15 20:13:39.363395,461,105.34
C176,2024-08-18 20:13:39.363397,462,11.27
C084,2024-11-15 20:13:39.363398,463,107.25
C056,2023-09-10 20:13:39.363400,464,744.17
C177,2025-01-27 20:13:39.363402,465,4.94
C141,2025-02-20 20:13:39.363404,466,377.99
C189,2024-04-21 20:13:39.363406,467,52.24
C049,2025-03-07 20:13:39.363408,468,204.6
C046,2023-09-05 20:13:39.363410,469,152.5
C113,2025-04-19 20:13:39.363412,470,83.71
C190,2023-07-31 20:13:39.363414,471,134.11
C136,2025-04-14 20:13:39.363416,472,210.8
C043,2024-03-18 20:13:39.363418,473,51.78
C148,2024-12-07 20:13:39.363420,474,39.61
C124,2022-11-11 20:13:39.363422,475,110.14
C097,2025-04-08 20:13:39.363425,476,164.95
C090,2024-11-27 20:13:39.363427,477,143.67
C039,2023-08-03 20:13:39.363429,478,159.86
C085,2024-12-09 20:13:39.363431,479,57.2
C177,2024-10-25 20:13:39.363434,480,170.28
C192,2024-09-19 20:13:39.363436,481,12.81
C062,2025-01-02 20:13:39.363438,482,78.63
C106,2024-10-26 20:13:39.363440,483,0.58
C107,2024-11-14 20:13:39.363443,484,39.24
C054,2024-03-01 20:13:39.363446,485,45.64
C126,2025-04-13 20:13:39.363449,486,50.45
C009,2025-02-21 20:13:39.363453,487,118.9
C088,2023-10-29 20:13:39.363459,488,49.19
C037,2024-03-20 20:13:39.363467,489,59.55
C049,2025-01-02 20:13:39.363472,490,27.12
C041,2024-10-29 20:13:39.363476,491,46.72
C017,2025-02-22 20:13:39.363480,492,25.78
C088,2025-03-15 20:13:39.363484,493,7.6
C021,2024-12-30 20:13:39.363487,494,92.49
C051,2025-02-02 20:13:39.363491,495,110.33
C059,2024-11-15 20:13:39.363495,496,96.62
C167,2025-04-07 20:13:39.363498,497,62.27
C183,2023-07-02 20:13:39.363502,498,47.77
C041,2023-03-12 20:13:39.363505,499,199.02
C039,2024-09-18 20:13:39.363509,500,73.21
C141,2024-12-04 20:13:39.363512,501,65.24
C192,2025-02-14 20:13:39.363518,502,2.6
C011,2024-06-23 20:13:39.363522,503,41.74
C147,2024-09-26 20:13:39.363526,504,47.84
C139,2025-03-21 20:13:39.363529,505,50.89
C077,2024-02-11 20:13:39.363533,506,86.79
C127,2024-06-14 20:13:39.363537,507,76.27
C046,2023-10-31 20:13:39.363541,508,93.63
C045,2024-09-01 20:13:39.363544,509,144.77
C001,2024-11-01 20:13:39.363549,510,167.66
C168,2025-01-14 20:13:39.363552,511,126.63
C108,2023-12-23 20:13:39.363556,512,311.28
C019,2024-04-25 20:13:39.363560,513,1.84
C076,2025-04-13 20:13:39.363564,514,21.79
C072,2025-04-17 20:13:39.363566,515,0.76
C200,2025-01-26 20:13:39.363569,516,104.26
C189,2024-06-26 20:13:39.363573,517,228.31
C109,2023-02-26 20:13:39.363575,518,27.9
C012,2025-03-23 20:13:39.363579,519,261.78
C189,2024-11-10 20:13:39.363582,520,6.22
C161,2025-01-25 20:13:39.363589,521,272.47
C045,2023-07-31 20:13:39.363594,522,43.33
C090,2024-05-24 20:13:39.363596,523,10.69
C103,2024-05-29 20:13:39.363600,524,66.53
C197,2024-12-29 20:13:39.363603,525,29.68
C008,2025-01-15 20:13:39.363607,526,33.53
C153,2025-02-23 20:13:39.363611,527,36.71
C091,2025-04-11 20:13:39.363614,528,162.47
C174,2024-04-26 20:13:39.363618,529,77.47
C087,2024-06-24 20:13:39.363622,530,37.3
C158,2021-04-11 20:13:39.363625,531,94.25
C175,2022-07-01 20:13:39.363630,532,125.93
C177,2024-11-27 20:13:39.363633,533,31.83
C175,2024-08-01 20:13:39.363637,534,53.37
C084,2023-11-17 20:13:39.363640,535,13.0
C082,2024-05-15 20:13:39.363645,536,19.99
C146,2025-03-01 20:13:39.363649,537,114.29
C194,2025-01-04 20:13:39.363652,538,20.02
C068,2025-03-28 20:13:39.363655,539,74.48
C161,2023-10-15 20:13:39.363658,540,123.46
C127,2024-11-05 20:13:39.363661,541,11.3
C164,2025-03-06 20:13:39.363665,542,83.77
C082,2024-10-03 20:13:39.363668,543,29.65
C147,2024-10-30 20:13:39.363672,544,329.49
C156,2025-02-01 20:13:39.363675,545,66.08
C168,2025-03-31 20:13:39.363678,546,163.99
C084,2024-10-03 20:13:39.363681,547,79.9
C113,2024-12-10 20:13:39.363684,548,4.44
C076,2024-07-29 20:13:39.363687,549,100.28
C122,2024-12-10 20:13:39.363691,550,302.42
C143,2024-05-12 20:13:39.363711,551,92.03
C041,2024-11-28 20:13:39.363716,552,171.03
C167,2024-11-24 20:13:39.363720,553,215.59
C002,2024-04-10 20:13:39.363724,554,25.89
C191,2025-01-19 20:13:39.363727,555,23.83
C029,2025-03-27 20:13:39.363731,556,94.41
C105,2025-04-16 20:13:39.363734,557,52.94
C194,2024-08-11 20:13:39.363738,558,183.17
C051,2024-10-29 20:13:39.363743,559,230.28
C075,2024-09-14 20:13:39.363747,560,43.61
C010,2025-03-09 20:13:39.363751,561,27.03
C142,2025-03-26 20:13:39.363755,562,151.65
C051,2025-04-19 20:13:39.363758,563,32.13
C118,2025-02-03 20:13:39.363761,564,172.94
C121,2024-11-12 20:13:39.363765,565,55.12
C039,2025-01-22 20:13:39.363768,566,110.13
C028,2025-01-08 20:13:39.363771,567,10.04
C003,2024-02-24 20:13:39.363776,568,97.78
C084,2025-02-03 20:13:39.363780,569,60.11
C198,2024-12-13 20:13:39.363784,570,88.34
C155,2024-07-20 20:13:39.363787,571,18.39
C117,2025-01-21 20:13:39.363790,572,133.51
C002,2024-10-28 20:13:39.363793,573,198.63
C093,2024-04-30 20:13:39.363796,574,24.43
C166,2023-11-01 20:13:39.363800,575,10.06
C131,2025-03-24 20:13:39.363803,576,2.39
C144,2024-01-07 20:13:39.363808,577,102.71
C094,2024-12-21 20:13:39.363813,578,93.42
C040,2025-02-27 20:13:39.363817,579,79.12
C002,2025-01-01 20:13:39.363820,580,26.39
C081,2023-05-18 20:13:39.363823,581,49.58
C169,2024-12-20 20:13:39.363827,582,90.26
C012,2025-02-09 20:13:39.363831,583,68.67
C163,2024-10-23 20:13:39.363835,584,440.51
C065,2025-03-03 20:13:39.363839,585,14.67
C055,2025-04-07 20:13:39.363843,586,118.79
C045,2025-03-28 20:13:39.363846,587,51.8
C101,2025-03-28 20:13:39.363851,588,55.9
C062,2025-03-23 20:13:39.363855,589,126.44
C049,2025-03-26 20:13:39.363859,590,117.91
C127,2024-10-19 20:13:39.363864,591,473.94
C153,2025-03-16 20:13:39.363867,592,13.74
C023,2025-02-04 20:13:39.363897,593,10.99
C152,2024-03-09 20:13:39.363901,594,128.86
C038,2024-12-27 20:13:39.363905,595,86.37
C028,2024-10-05 20:13:39.363909,596,32.04
C021,2025-03-18 20:13:39.363912,597,8.28
C182,2025-03-14 20:13:39.363915,598,8.96
C107,2025-04-14 20:13:39.363918,599,224.61
C146,2025-03-19 20:13:39.363921,600,21.3
C164,2025-02-22 20:13:39.363924,601,39.06
C099,2025-03-17 20:13:39.363926,602,25.7
C173,2025-04-05 20:13:39.363930,603,43.85
C119,2025-03-29 20:13:39.363933,604,7.2
C073,2024-12-31 20:13:39.363935,605,73.2
C181,2025-03-11 20:13:39.363939,606,7.0
C122,2025-01-30 20:13:39.363941,607,161.12
C030,2024-12-16 20:13:39.363945,608,26.62
C188,2024-09-22 20:13:39.363947,609,77.66
C108,2025-04-14 20:13:39.363950,610,212.09
C098,2024-07-06 20:13:39.363953,611,105.23
C032,2024-10-26 20:13:39.363956,612,76.13
C195,2025-04-06 20:13:39.363959,613,39.21
C195,2024-04-14 20:13:39.363962,614,40.5
C156,2024-01-21 20:13:39.363966,615,110.71
C172,2025-04-10 20:13:39.363969,616,513.95
C079,2025-02-22 20:13:39.363972,617,108.42
C041,2024-06-30 20:13:39.363975,618,81.6
C063,2024-08-16 20:13:39.363978,619,131.17
C023,2025-03-16 20:13:39.363981,620,62.59
C104,2025-03-10 20:13:39.363984,621,6.2
C075,2025-01-28 20:13:39.363987,622,82.62
C048,2024-12-23 20:13:39.363990,623,316.12
C160,2024-10-30 20:13:39.363993,624,19.27
C057,2025-01-29 20:13:39.363997,625,117.12
C118,2024-12-31 20:13:39.364000,626,22.43
C100,2024-08-17 20:13:39.364003,627,76.75
C124,2025-04-15 20:13:39.364006,628,10.17
C161,2025-02-28 20:13:39.364009,629,59.85
C152,2024-09-09 20:13:39.364013,630,141.13
C167,2024-03-11 20:13:39.364017,631,42.71
C034,2024-12-13 20:13:39.364021,632,109.34
C184,2024-12-06 20:13:39.364023,633,158.69
C156,2025-04-01 20:13:39.364027,634,261.97
C165,2025-01-05 20:13:39.364030,635,26.74
C007,2024-12-06 20:13:39.364033,636,50.97
C196,2025-03-03 20:13:39.364037,637,16.54
C165,2025-02-24 20:13:39.364040,638,489.07
C056,2025-01-26 20:13:39.364043,639,261.73
C065,2025-04-18 20:13:39.364046,640,77.64
C193,2025-02-11 20:13:39.364050,641,184.54
C047,2025-03-10 20:13:39.364056,642,73.6
C148,2025-02-09 20:13:39.364060,643,97.71
C019,2025-03-30 20:13:39.364064,644,9.33
C157,2024-03-19 20:13:39.364068,645,140.76
C188,2024-11-10 20:13:39.364089,646,13.66
C146,2024-09-29 20:13:39.364091,647,174.91
C163,2024-07-15 20:13:39.364093,648,152.34
C171,2024-12-18 20:13:39.364095,649,123.36
C126,2025-04-05 20:13:39.364097,650,3.68
C139,2024-12-04 20:13:39.364099,651,36.12
C049,2024-11-13 20:13:39.364102,652,30.53
C113,2024-08-18 20:13:39.364105,653,44.65
C038,2025-01-10 20:13:39.364107,654,9.17
C064,2025-03-28 20:13:39.364109,655,276.4
C069,2025-02-20 20:13:39.364111,656,80.7
C136,2025-01-30 20:13:39.364112,657,36.46
C162,2024-10-17 20:13:39.364114,658,50.58
C176,2024-11-20 20:13:39.364116,659,59.28
C116,2025-02-01 20:13:39.364118,660,91.78
C184,2023-03-08 20:13:39.364120,661,72.5
C065,2024-11-05 20:13:39.364122,662,251.82
C031,2025-03-04 20:13:39.364124,663,68.71
C132,2025-04-02 20:13:39.364125,664,484.83
C113,2025-03-23 20:13:39.364128,665,190.67
C109,2025-03-02 20:13:39.364137,666,23.38
C178,2025-03-21 20:13:39.364140,667,266.78
C069,2025-03-15 20:13:39.364142,668,12.37
C158,2025-02-20 20:13:39.364144,669,170.07
C120,2025-03-18 20:13:39.364146,670,47.9
C088,2024-03-09 20:13:39.364147,671,210.35
C187,2025-04-06 20:13:39.364149,672,202.54
C067,2024-12-09 20:13:39.364155,673,163.95
C075,2025-01-16 20:13:39.364157,674,156.08
C045,2023-04-26 20:13:39.364159,675,36.34
C004,2025-03-31 20:13:39.364161,676,8.44
C154,2025-01-20 20:13:39.364164,677,51.58
C155,2023-08-02 20:13:39.364166,678,19.06
C174,2024-04-25 20:13:39.364167,679,118.73
C107,2024-06-20 20:13:39.364170,680,42.48
C192,2025-02-27 20:13:39.364172,681,371.36
C051,2025-03-19 20:13:39.364174,682,102.44
C050,2024-10-05 20:13:39.364176,683,172.87
C006,2023-12-31 20:13:39.364178,684,14.22
C059,2024-11-26 20:13:39.364181,685,198.06
C125,2024-11-20 20:13:39.364182,686,256.08
C143,2025-02-21 20:13:39.364184,687,66.76
C030,2024-07-31 20:13:39.364187,688,93.2
C170,2025-03-15 20:13:39.364189,689,144.74
C122,2025-02-10 20:13:39.364192,690,19.22
C125,2025-01-12 20:13:39.364193,691,69.83
C037,2024-12-15 20:13:39.364195,692,50.86
C170,2025-03-03 20:13:39.364197,693,15.83
C124,2025-03-31 20:13:39.364199,694,45.81
C101,2024-11-03 20:13:39.364201,695,7.06
C035,2025-02-19 20:13:39.364203,696,2.62
C087,2024-11-16 20:13:39.364206,697,14.52
C134,2025-03-22 20:13:39.364207,698,330.0
C196,2024-12-24 20:13:39.364209,699,79.75
C018,2024-12-06 20:13:39.364212,700,337.62
C113,2025-04-12 20:13:39.364213,701,56.65
C029,2025-02-07 20:13:39.364215,702,37.37
C077,2025-03-27 20:13:39.364217,703,70.55
C059,2025-04-10 20:13:39.364219,704,57.89
C175,2023-01-14 20:13:39.364222,705,11.17
C126,2025-02-10 20:13:39.364224,706,102.39
C145,2024-06-27 20:13:39.364226,707,24.34
C109,2025-02-28 20:13:39.364228,708,96.65
C022,2024-09-28 20:13:39.364230,709,105.04
C068,2024-08-07 20:13:39.364232,710,16.49
C069,2024-11-10 20:13:39.364234,711,6.33
C165,2024-12-28 20:13:39.364235,712,151.76
C049,2025-01-16 20:13:39.364238,713,61.58
C141,2025-02-03 20:13:39.364240,714,5.99
C162,2023-12-31 20:13:39.364242,715,527.19
C109,2024-06-06 20:13:39.364244,716,5.95
C086,2023-08-27 20:13:39.364247,717,118.76
C053,2025-03-29 20:13:39.364249,718,411.53
C123,2024-08-28 20:13:39.364251,719,27.34
C087,2023-12-07 20:13:39.364253,720,15.34
C179,2025-03-17 20:13:39.364255,721,12.94
C131,2025-04-09 20:13:39.364257,722,36.14
C042,2024-08-21 20:13:39.364259,723,10.65
C098,2024-11-19 20:13:39.364261,724,117.82
C160,2024-05-25 20:13:39.364263,725,6.43
C109,2025-03-25 20:13:39.364265,726,71.22
C051,2024-07-10 20:13:39.364267,727,571.29
C085,2025-03-12 20:13:39.364269,728,168.18
C174,2025-03-20 20:13:39.364271,729,95.51
C127,2025-03-20 20:13:39.364273,730,36.56
C021,2024-06-22 20:13:39.364275,731,97.79
C044,2024-10-07 20:13:39.364277,732,74.87
C139,2024-12-09 20:13:39.364279,733,55.53
C103,2025-01-31 20:13:39.364281,734,14.01
C068,2024-04-09 20:13:39.364283,735,217.69
C129,2025-01-22 20:13:39.364285,736,59.74
C092,2024-06-20 20:13:39.364287,737,21.64
C191,2025-01-07 20:13:39.364289,738,45.85
C024,2025-01-26 20:13:39.364291,739,53.47
C125,2024-12-31 20:13:39.364293,740,175.76
C141,2025-02-16 20:13:39.364295,741,132.28
C111,2024-08-17 20:13:39.364297,742,146.67
C098,2024-12-17 20:13:39.364299,743,1.11
C139,2025-03-05 20:13:39.364300,744,53.81
C179,2024-03-04 20:13:39.364302,745,65.65
C017,2025-01-24 20:13:39.364304,746,1.94
C099,2024-12-01 20:13:39.364306,747,30.09
C082,2024-02-20 20:13:39.364308,748,142.83
C104,2024-10-27 20:13:39.364309,749,14.75
C152,2025-03-30 20:13:39.364311,750,76.64
C019,2023-12-03 20:13:39.364313,751,24.23
C165,2024-10-26 20:13:39.364315,752,1.22
C085,2025-02-07 20:13:39.364317,753,27.6
C008,2025-03-26 20:13:39.364318,754,372.45
C028,2024-07-11 20:13:39.364321,755,161.72
C005,2024-10-29 20:13:39.364322,756,320.83
C145,2024-12-05 20:13:39.364324,757,66.91
C101,2024-03-14 20:13:39.364326,758,11.62
C164,2024-07-16 20:13:39.364328,759,79.4
C118,2025-03-23 20:13:39.364331,760,60.58
C147,2025-02-13 20:13:39.364336,761,186.02
C064,2025-03-01 20:13:39.364338,762,10.32
C091,2024-08-19 20:13:39.364340,763,66.99
C117,2025-04-15 20:13:39.364342,764,16.26
C098,2024-11-21 20:13:39.364345,765,39.26
C011,2024-08-06 20:13:39.364347,766,133.7
C054,2024-04-10 20:13:39.364348,767,64.63
C173,2025-02-05 20:13:39.364350,768,47.14
C047,2024-06-16 20:13:39.364352,769,50.17
C140,2025-03-31 20:13:39.364354,770,61.52
C149,2024-05-19 20:13:39.364356,771,153.72
C139,2025-03-28 20:13:39.364358,772,222.64
C005,2025-01-20 20:13:39.364359,773,310.86
C184,2024-07-08 20:13:39.364362,774,154.6
C020,2025-03-23 20:13:39.364364,775,37.89
C169,2025-03-06 20:13:39.364366,776,116.52
C046,2024-09-03 20:13:39.364368,777,57.55
C012,2024-09-04 20:13:39.364370,778,29.39
C070,2024-10-19 20:13:39.364372,779,183.8
C017,2024-09-20 20:13:39.364375,780,3.92
C115,2024-12-02 20:13:39.364377,781,232.04
C147,2025-02-28 20:13:39.364378,782,61.89
C154,2025-02-04 20:13:39.364380,783,101.39
C048,2025-03-16 20:13:39.364383,784,107.69
C108,2024-02-16 20:13:39.364384,785,225.49
C052,2024-11-15 20:13:39.364387,786,101.24
C096,2025-01-19 20:13:39.364389,787,95.17
C070,2024-12-31 20:13:39.364391,788,6.9
C183,2023-11-09 20:13:39.364393,789,73.07
C102,2025-03-23 20:13:39.364395,790,16.27
C075,2024-11-14 20:13:39.364397,791,133.73
C161,2024-12-16 20:13:39.364398,792,71.79
C190,2024-11-02 20:13:39.364401,793,114.01
C151,2025-04-18 20:13:39.364403,794,4.26
C143,2024-04-16 20:13:39.364404,795,8.86
C155,2023-12-24 20:13:39.364406,796,125.99
C192,2024-11-23 20:13:39.364408,797,7.48
C179,2024-09-19 20:13:39.364410,798,7.39
C181,2024-01-17 20:13:39.364412,799,1.22
C082,2024-09-12 20:13:39.364413,800,313.5
C092,2025-03-23 20:13:39.364415,801,133.75
C179,2024-11-18 20:13:39.364417,802,43.58
C175,2024-11-05 20:13:39.364419,803,35.17
C004,2025-01-12 20:13:39.364421,804,43.03
C135,2024-08-24 20:13:39.364423,805,149.01
C109,2023-12-18 20:13:39.364425,806,108.28
C163,2024-01-10 20:13:39.364427,807,20.48
C048,2025-01-04 20:13:39.364429,808,19.13
C073,2025-03-31 20:13:39.364430,809,10.36
C072,2023-03-29 20:13:39.364432,810,107.97
C116,2024-05-28 20:13:39.364436,811,144.55
C173,2025-03-29 20:13:39.364439,812,30.79
C081,2024-01-21 20:13:39.364443,813,2.12
C081,2024-04-19 20:13:39.364446,814,8.57
C113,2024-12-11 20:13:39.364450,815,343.77
C096,2024-11-11 20:13:39.364453,816,35.02
C072,2025-01-20 20:13:39.364470,817,146.63
C147,2025-04-11 20:13:39.364474,818,97.99
C063,2025-02-07 20:13:39.364480,819,48.12
C038,2024-07-03 20:13:39.364483,820,23.03
C067,2025-04-21 20:13:39.364487,821,12.94
C187,2025-02-07 20:13:39.364491,822,95.45
C069,2025-01-20 20:13:39.364495,823,149.0
C013,2024-12-04 20:13:39.364498,824,103.26
C175,2024-01-23 20:13:39.364501,825,75.57
C189,2025-02-04 20:13:39.364506,826,4.29
C031,2025-02-04 20:13:39.364507,827,345.74
C114,2024-08-24 20:13:39.364509,828,160.3
C022,2025-01-03 20:13:39.364511,829,34.65
C093,2025-03-07 20:13:39.364513,830,391.05
C171,2025-01-03 20:13:39.364515,831,92.1
C067,2025-03-25 20:13:39.364516,832,87.33
C054,2025-03-18 20:13:39.364518,833,137.86
C138,2024-12-18 20:13:39.364519,834,167.01
C042,2025-01-14 20:13:39.364522,835,106.85
C064,2024-02-03 20:13:39.364523,836,13.71
C126,2025-01-30 20:13:39.364525,837,41.29
C021,2024-11-16 20:13:39.364527,838,263.23
C194,2024-10-23 20:13:39.364529,839,25.44
C169,2025-04-19 20:13:39.364530,840,46.55
C152,2024-10-07 20:13:39.364532,841,56.58
C035,2025-03-17 20:13:39.364534,842,57.88
C184,2023-09-15 20:13:39.364536,843,94.92
C030,2025-03-24 20:13:39.364538,844,286.6
C057,2025-01-15 20:13:39.364540,845,27.53
C047,2025-04-05 20:13:39.364542,846,12.95
C163,2022-06-18 20:13:39.364543,847,22.0
C019,2024-12-17 20:13:39.364545,848,217.97
C114,2024-11-10 20:13:39.364547,849,103.79
C008,2025-04-09 20:13:39.364548,850,33.67
C026,2024-08-15 20:13:39.364550,851,169.25
C113,2025-03-10 20:13:39.364552,852,197.59
C071,2024-03-07 20:13:39.364553,853,187.41
C030,2025-03-11 20:13:39.364555,854,251.24
C135,2025-03-14 20:13:39.364557,855,29.07
C067,2025-04-15 20:13:39.364559,856,140.67
C065,2024-12-28 20:13:39.364561,857,61.72
C036,2024-11-23 20:13:39.364563,858,184.52
C025,2025-04-09 20:13:39.364564,859,130.38
C037,2024-07-27 20:13:39.364566,860,149.81
C001,2025-01-03 20:13:39.364571,861,106.76
C143,2024-12-09 20:13:39.364573,862,19.53
C037,2025-01-07 20:13:39.364575,863,78.75
C141,2025-01-19 20:13:39.364577,864,417.79
C136,2024-11-25 20:13:39.364579,865,277.08
C133,2025-03-22 20:13:39.364582,866,4.41
C188,2025-03-16 20:13:39.364584,867,18.01
C128,2024-04-30 20:13:39.364586,868,14.13
C127,2023-11-13 20:13:39.364588,869,129.46
C001,2025-01-27 20:13:39.364590,870,170.26
C164,2025-02-24 20:13:39.364592,871,24.02
C035,2024-10-18 20:13:39.364594,872,70.49
C194,2025-01-17 20:13:39.364596,873,183.7
C191,2025-04-17 20:13:39.364599,874,131.98
C104,2025-03-22 20:13:39.364600,875,78.14
C023,2024-09-07 20:13:39.364602,876,89.24
C009,2024-10-10 20:13:39.364604,877,71.0
C034,2025-04-17 20:13:39.364606,878,35.32
C174,2025-03-07 20:13:39.364608,879,83.25
C128,2025-03-05 20:13:39.364609,880,116.76
C004,2024-10-03 20:13:39.364611,881,206.61
C158,2025-04-18 20:13:39.364616,882,101.14
C102,2025-04-02 20:13:39.364620,883,143.18
C075,2024-07-06 20:13:39.364622,884,17.44
C099,2025-03-17 20:13:39.364625,885,61.91
C072,2024-10-13 20:13:39.364627,886,0.94
C003,2025-03-04 20:13:39.364629,887,28.33
C142,2025-04-03 20:13:39.364630,888,129.63
C188,2025-03-02 20:13:39.364632,889,480.48
C173,2024-09-03 20:13:39.364634,890,10.44
C034,2024-05-08 20:13:39.364636,891,51.33
C045,2024-06-06 20:13:39.364638,892,160.98
C061,2025-01-20 20:13:39.364640,893,22.82
C083,2024-10-05 20:13:39.364641,894,80.99
C123,2025-03-11 20:13:39.364643,895,132.08
C102,2025-02-18 20:13:39.364645,896,95.71
C016,2024-03-10 20:13:39.364646,897,20.83
C066,2025-04-19 20:13:39.364648,898,43.91
C168,2025-04-05 20:13:39.364650,899,153.15
C145,2025-03-11 20:13:39.364652,900,80.79
C119,2025-04-17 20:13:39.364654,901,0.52
C162,2025-03-16 20:13:39.364656,902,143.13
C124,2024-11-15 20:13:39.364658,903,3.59
C144,2025-01-13 20:13:39.364661,904,136.94
C102,2024-03-16 20:13:39.364662,905,22.62
C188,2024-06-19 20:13:39.364664,906,317.18
C066,2025-02-05 20:13:39.364666,907,45.88
C194,2025-02-26 20:13:39.364668,908,39.59
C013,2025-01-26 20:13:39.364670,909,16.12
C184,2024-11-12 20:13:39.364672,910,36.47
C111,2025-02-24 20:13:39.364674,911,209.27
C159,2024-10-27 20:13:39.364676,912,560.87
C034,2025-01-17 20:13:39.364678,913,45.94
C039,2024-11-28 20:13:39.364679,914,59.53
C195,2025-01-08 20:13:39.364681,915,128.04
C136,2025-02-18 20:13:39.364683,916,217.33
C120,2023-11-05 20:13:39.364685,917,89.91
C126,2024-08-05 20:13:39.364686,918,49.68
C055,2025-03-25 20:13:39.364688,919,53.21
C027,2024-04-21 20:13:39.364690,920,118.95
C118,2024-12-22 20:13:39.364692,921,0.32
C053,2024-03-13 20:13:39.364694,922,96.65
C039,2024-07-06 20:13:39.364696,923,43.93
C065,2025-01-12 20:13:39.364698,924,158.08
C145,2025-04-17 20:13:39.364699,925,9.76
C158,2025-02-24 20:13:39.364701,926,88.72
C181,2024-12-02 20:13:39.364703,927,65.58
C013,2024-10-23 20:13:39.364705,928,102.81
C021,2025-02-27 20:13:39.364707,929,6.71
C147,2025-03-25 20:13:39.364708,930,86.75
C053,2024-06-01 20:13:39.364710,931,82.44
C019,2023-04-04 20:13:39.364712,932,82.25
C057,2024-12-08 20:13:39.364714,933,92.5
C025,2025-03-19 20:13:39.364716,934,112.85
C031,2025-02-23 20:13:39.364717,935,163.47
C081,2025-04-18 20:13:39.364719,936,31.45
C183,2024-02-04 20:13:39.364721,937,174.33
C023,2025-03-30 20:13:39.364722,938,68.97
C032,2024-11-18 20:13:39.364724,939,8.02
C190,2025-02-23 20:13:39.364726,940,6.03
C074,2024-11-27 20:13:39.364728,941,40.68
C010,2024-10-14 20:13:39.364729,942,153.66
C200,2024-06-07 20:13:39.364731,943,122.99
C054,2025-03-11 20:13:39.364733,944,155.41
C052,2025-04-20 20:13:39.364735,945,72.83
C148,2025-03-26 20:13:39.364737,946,58.02
C160,2024-03-03 20:13:39.364739,947,15.95
C114,2024-04-14 20:13:39.364741,948,39.78
C014,2024-11-09 20:13:39.364743,949,56.92
C178,2024-11-07 20:13:39.364745,950,9.28
C156,2024-10-07 20:13:39.364747,951,24.92
C110,2025-03-18 20:13:39.364748,952,91.19
C053,2024-02-04 20:13:39.364751,953,133.05
C152,2025-01-14 20:13:39.364753,954,640.55
C079,2025-01-25 20:13:39.364755,955,270.48
C022,2024-12-11 20:13:39.364757,956,102.88
C030,2025-04-13 20:13:39.364758,957,54.69
C191,2025-03-20 20:13:39.364760,958,101.11
C004,2024-08-23 20:13:39.364761,959,154.02
C059,2025-04-06 20:13:39.364763,960,12.59
C008,2024-11-06 20:13:39.364765,961,52.75
C012,2025-03-02 20:13:39.364767,962,183.13
C119,2025-01-23 20:13:39.364769,963,48.42
C159,2025-02-19 20:13:39.364770,964,84.83
C034,2025-02-01 20:13:39.364772,965,88.62
C082,2024-09-05 20:13:39.364773,966,20.39
C098,2025-02-17 20:13:39.364775,967,44.98
C127,2024-11-22 20:13:39.364777,968,40.72
C075,2024-12-26 20:13:39.364779,969,2.65
C105,2024-10-07 20:13:39.364781,970,2.45
C049,2023-12-11 20:13:39.364783,971,178.2
C079,2024-08-27 20:13:39.364785,972,31.89
C185,2025-03-09 20:13:39.364789,973,73.0
C093,2025-04-16 20:13:39.364793,974,35.49
C154,2025-02-26 20:13:39.364795,975,282.48
C018,2024-11-10 20:13:39.364799,976,30.02
C096,2025-04-12 20:13:39.364805,977,56.15
C038,2024-12-19 20:13:39.364814,978,206.14
C087,2024-11-09 20:13:39.364817,979,184.47
C088,2025-02-07 20:13:39.364820,980,20.59
C050,2024-07-30 20:13:39.364823,981,162.27
C008,2025-04-01 20:13:39.364827,982,61.28
C169,2025-04-07 20:13:39.364844,983,65.97
C134,2024-08-30 20:13:39.364847,984,14.33
C069,2024-12-19 20:13:39.364849,985,8.4
C172,2024-09-24 20:13:39.364851,986,130.17
C121,2025-01-09 20:13:39.364853,987,68.61
C064,2025-03-02 20:13:39.364855,988,57.42
C157,2024-06-18 20:13:39.364857,989,130.75
C156,2024-07-06 20:13:39.364859,990,145.04
C139,2024-09-20 20:13:39.364862,991,17.31
C121,2025-02-23 20:13:39.364863,992,94.22
C065,2024-11-12 20:13:39.364865,993,14.54
C107,2025-01-31 20:13:39.364867,994,139.18
C147,2025-04-04 20:13:39.364870,995,106.99
C137,2024-01-29 20:13:39.364875,996,313.76
C155,2025-03-26 20:13:39.364876,997,7.15
C162,2023-10-29 20:13:39.364878,998,5.87
C172,2025-01-05 20:13:39.364880,999,33.15
